{"Mean":{"confidence_interval":{"confidence_level":0.95,"lower_bound":1.35441659266015e-16,"upper_bound":3.4175806248862296e-16},"point_estimate":2.2163078357445623e-16,"standard_error":5.367216970060146e-17},"Median":{"confidence_interval":{"confidence_level":0.95,"lower_bound":6.942470225868471e-17,"upper_bound":1.0015648204579962e-16},"point_estimate":8.054892459914115e-17,"standard_error":8.308961329012654e-18},"MedianAbsDev":{"confidence_interval":{"confidence_level":0.95,"lower_bound":3.258674873327154e-17,"upper_bound":7.351999214947011e-17},"point_estimate":4.718421255412175e-17,"standard_error":1.085806058018367e-17},"Slope":{"confidence_interval":{"confidence_level":0.95,"lower_bound":5.715628664559074e-17,"upper_bound":6.640406447488946e-17},"point_estimate":6.12087150887546e-17,"standard_error":2.3591610299328355e-18},"StdDev":{"confidence_interval":{"confidence_level":0.95,"lower_bound":1.6720085330938458e-16,"upper_bound":8.618956178166258e-16},"point_estimate":5.433397112749442e-16,"standard_error":1.9837866959165663e-16}}