{"Mean":{"confidence_interval":{"confidence_level":0.95,"lower_bound":-0.5447280152274089,"upper_bound":0.9351954455116093},"point_estimate":-0.0779740116506582,"standard_error":0.384798540119997},"Median":{"confidence_interval":{"confidence_level":0.95,"lower_bound":-0.23554963628223324,"upper_bound":0.26673650014283834},"point_estimate":-0.009890120781318568,"standard_error":0.12791819129956158}}